feature,importance
systolic_bp,0.0042616622994083204
diastolic_bp,0.004261662299408308
