feature,importance
diastolic_bp,0.0042994247182218445
systolic_bp,0.004299424718221842
